Station,Chaannel,Network,Location
ORV,BHZ,BK,00
SHEP,HHZ,BK,00
JCC,HHZ,BK,00
MOD,HHZ,BK,00
YBH,HHZ,BK,00
SWF2,BHZ,CC,--
OBSR,BHZ,CC,--
SHRK,BHZ,CC,--
STD,BHZ,CC,--
JRO,BHZ,CC,--
CLBH,BHZ,CC,--
VALT,BHZ,CC,--
CIHL,BHZ,CC,--
TMBU,BHZ,CC,--
ASBU,BHZ,CC,--
SWNB,BHZ,CC,--
PRLK,BHZ,CC,--
TCBU,BHZ,CC,--
PANH,BHZ,CC,--
WIFE,BHZ,CC,--
SEP,EHZ,CC,--
SUG,EHZ,CC,--
HIYU,EHZ,CC,--
SVIC,EHZ,CC,--
TIMB,EHZ,CC,--
CLCV,EHZ,CC,--
PALM,EHZ,CC,--
SR41,EHZ,CC,--
WIZ,EHZ,CC,--
KWBU,EHZ,CC,--
CRBU,EHZ,CC,--
CLMS,EHZ,CC,--
OZB,BHZ,CN,--
EDB,BHZ,CN,--
CLRS,HHZ,CN,--
HOPB,HHZ,CN,--
NLLB,HHZ,CN,--
PTRF,HHZ,CN,--
WOSB,HHZ,CN,--
BFSB,HHZ,CN,--
SYMB,HHZ,CN,--
HOLB,HHZ,CN,--
SNB,HHZ,CN,--
PNT,HHZ,CN,--
PGC,HHZ,CN,--
VGZ,HHZ,CN,--
TOFB,HHZ,CN,--
PACB,HHZ,CN,--
PHC,HHZ,CN,--
GOBB,HHZ,CN,--
SPLB,HHZ,CN,--
LLLB,HHZ,CN,--
GDR,EHZ,CN,--
NCRB,EHZ,CN,--
ETB,EHZ,CN,--
BIB,EHZ,CN,--
COR,BHZ,IU,0
JTMT,BHZ,MB,--
CHMT,EHZ,MB,--
VCMT,EHZ,MB,--
MKMT,EHZ,MB,--
MCMT,EHZ,MB,--
BSMT,EHZ,MB,--
BLMT,EHZ,MB,--
KMPB,HHZ,NC,--
KCPB,HHZ,NC,--
KHMB,HHZ,NC,--
KRP,HHZ,NC,--
KSXB,HHZ,NC,--
KHBB,HHZ,NC,--
KCT,HHZ,NC,--
KMR,HHZ,NC,--
KRMB,HHZ,NC,--
KEB,HHZ,NC,--
KBO,HHZ,NC,--
LMC,HHZ,NC,--
LAMB,EHZ,NC,--
GCK,EHZ,NC,--
LHE,EHZ,NC,02
OCR,EHZ,NC,--
LVR,EHZ,NC,--
KBS,EHZ,NC,02
KBN,EHZ,NC,--
KKP,EHZ,NC,--
KCR,EHZ,NC,02
KOM,EHZ,NC,02
LBC,EHZ,NC,--
LAS,EHZ,NC,--
LTI,EHZ,NC,--
KTR,EHZ,NC,--
NC27,HHZ,NV,--
NCBC,HHZ,NV,--
KEMF,EHZ,NV,--
B013,EHZ,PB,--
B201,EHZ,PB,--
B926,EHZ,PB,--
B032,EHZ,PB,--
BUCK,BHZ,UO,--
PINE,BHZ,UO,--
DBO,BHZ,UO,--
RAIN,HHZ,UO,--
MINN,HHZ,UO,--
WLOO,HHZ,UO,--
TOOM,HHZ,UO,--
WOOD,HHZ,UO,--
CHIL,HHZ,UO,--
BEER,HHZ,UO,--
FHAC,HHZ,UO,--
JESE,HHZ,UO,--
DRAN,HHZ,UO,--
DFAZ,HHZ,UO,--
LAIR,HHZ,UO,--
CAVE,HHZ,UO,--
NATH,HHZ,UO,--
HLID,BHZ,US,00
BMO,BHZ,US,00
NLWA,BHZ,US,00
NEW,BHZ,US,00
WVOR,BHZ,US,00
HAWA,BHZ,US,00
OMAK,BHZ,UW,--
LRIV,BHZ,UW,--
HOOD,BHZ,UW,--
JEDS,BHZ,UW,--
RATT,BHZ,UW,--
TOLT,BHZ,UW,--
RADR,BHZ,UW,--
FORK,BHZ,UW,--
GNW,BHZ,UW,--
WISH,BHZ,UW,--
LTY,BHZ,UW,--
SHUK,BHZ,UW,--
BABR,BHZ,UW,--
DOSE,BHZ,UW,--
HEBO,BHZ,UW,--
SP2,BHZ,UW,--
LON,BHZ,UW,--
BRAN,BHZ,UW,--
DAVN,BHZ,UW,--
LCCR,HHZ,UW,--
YACT,HHZ,UW,--
MRBL,HHZ,UW,--
STOR,HHZ,UW,--
PHIN,HHZ,UW,--
FISH,HHZ,UW,--
TREE,HHZ,UW,--
UMAT,HHZ,UW,--
WOLL,HHZ,UW,--
BLOW,HHZ,UW,--
DDRF,HHZ,UW,--
KREP,HHZ,UW,--
EPH2,HHZ,UW,--
LNO,HHZ,UW,--
YPT,HHZ,UW,--
CCRK,HHZ,UW,--
OT3,HHZ,UW,--
IRON,HHZ,UW,--
TUCA,HHZ,UW,--
LEBA,HHZ,UW,--
KENT,HHZ,UW,--
IZEE,HHZ,UW,--
HBO,EHZ,UW,--
RNO,EHZ,UW,--
BRO,EHZ,UW,--
OT3,EHZ,UW,P2
JUN,EHZ,UW,--
MDW,EHZ,UW,P2
WA2,EHZ,UW,P2
LVP,EHZ,UW,--
MTM,EHZ,UW,--
HDW,EHZ,UW,--
CMW,EHZ,UW,--
WIW,EHZ,UW,P2
GBL,EHZ,UW,P2
EDM,EHZ,UW,--
LOC,EHZ,UW,P2
HSR,EHZ,UW,--
CDF,EHZ,UW,--
JCW,EHZ,UW,--
RCS,EHZ,UW,--
WPW,EHZ,UW,--
HTW,EHZ,UW,--
BLT,EHZ,UW,P1
GLK,EHZ,UW,--
LO2,EHZ,UW,--
MJ2,EHZ,UW,P2
PRO,EHZ,UW,P1
FMW,EHZ,UW,--
LNO,EHZ,UW,P1
PAT2,EHZ,UW,P1
YPT,EHZ,UW,P1
ET4,EHZ,UW,P1
NEL,EHZ,UW,--
SMW,EHZ,UW,--
SLF,EHZ,UW,--
SAW,EHZ,UW,--
ASR,EHZ,UW,--
WRW,EHZ,UW,--
VLL,EHZ,UW,--
AUG,EHZ,UW,--
MBW,EHZ,UW,--
MCW,EHZ,UW,--
ETW,EHZ,UW,--
WAT,EHZ,UW,--
GUL,EHZ,UW,--
DY2,EHZ,UW,--
CBS,EHZ,UW,--
VFP,EHZ,UW,--
RPW,EHZ,UW,--
GPW,EHZ,UW,--
FHE,EHZ,UW,--
BVW,EHZ,UW,--
SOS,EHZ,UW,--
MEW,EHZ,UW,--
RER1,EHZ,UW,--
RVC1,EHZ,UW,--
CRF,EHZ,UW,--
VT2,EHZ,UW,--
TDL,EHZ,UW,--
ELK,EHZ,UW,--
FL2,EHZ,UW,--
TRW,EHZ,UW,--
NAC,EHZ,UW,--
VIP,EHZ,UW,--
VGB,EHZ,UW,--
STAR,EHZ,UW,--
BRV,EHZ,UW,--
MOX,EHZ,UW,--
JBO,EHZ,UW,--
GL2,EHZ,UW,--
VBE,EHZ,UW,--
BBO,EHZ,UW,--
VTH,EHZ,UW,--
YA2,EHZ,UW,--
KMO,EHZ,UW,--
TDH,EHZ,UW,--
OD2,EHZ,UW,--
EPH2,EHZ,UW,--
RVW,EHZ,UW,--
SHW,EHZ,UW,--
WRD,EHZ,UW,--
LCW,EHZ,UW,--
NLO,EHZ,UW,--
BOW,EHZ,UW,--
TWW,EHZ,UW,--
TBM,EHZ,UW,--
BPO,EHZ,UW,--
ELL,EHZ,UW,--
NCO,EHZ,UW,--
MOON,EHZ,UW,--
RVC,EHZ,UW,--
OTR,EHZ,UW,--
OBC,EHZ,UW,--
RER,EHZ,UW,--
FMW,EHZ,UW,01
STAR,EHZ,UW,01
GBB,EHZ,UW,--
NN21,EHZ,UW,01
BEN,EHZ,UW,--
RSW,EHZ,UW,--
RED,EHZ,UW,--
SNI,EHZ,UW,--
BEND,EHZ,UW,20
PRO,EHZ,UW,--
BLT,EHZ,UW,--
PAT2,EHZ,UW,--
YPT,EHZ,UW,--
ET4,EHZ,UW,--
LNO,EHZ,UW,--
PGO,EHZ,UW,20
MDW,EHZ,UW,--
H2O,EHZ,UW,--
OT3,EHZ,UW,--
WA2,EHZ,UW,--
GBL,EHZ,UW,--
WIW,EHZ,UW,--
LOC,EHZ,UW,--
BEND,EHZ,UW,--
PGO,EHZ,UW,--
UMPQ,EHZ,UW,--
IONE,EHZ,UW,--
HOG,EHZ,UW,--
SQM,EHZ,UW,--
UWFH,EHZ,UW,--
HSO,EHZ,UW,--
JORV,EHZ,UW,--
VVHS,EHZ,UW,--
RRHS,EHZ,UW,--
SVOH,EHZ,UW,--
PCFR,EHZ,UW,--
GSM,EHZ,UW,--
LKVW,EHZ,UW,--
BURN,EHZ,UW,--
EARN,EHZ,UW,--
GLDO,EHZ,UW,--
MORO,EHZ,UW,--
STW,EHZ,UW,--
VCR,EHZ,UW,--
MPO,EHZ,UW,--
WPO,EHZ,UW,--
HGBL,EHZ,UW,--
GHW,EHZ,UW,--
OCP,EHZ,UW,--
CPW,EHZ,UW,--
MJ2,EHZ,UW,--
OSD,EHZ,UW,--
MBW,EHZ,UW,01
MCW,EHZ,UW,01
RPW,EHZ,UW,01
GPW,EHZ,UW,01
GMO,EHZ,UW,--
GRUT,EHZ,UW,--
HWIW,EHZ,UW,--
GMW,EHZ,UW,20
